,rank,t_init,t_init_top,t_init_traj,t_to_mem,t_io,t_io/frame,t_rmsd,t_rmsd/frame,t_wait,t_comm,t_close_traj,total_time
0,0.0,7.56017804145813,1.653451919555664,5.902972221374512,2501.233468055725,3.0215868949890137,6.707185116512794e-05,14.98098087310791,0.00033254119585145197,2.7179718017578125e-05,0.00021409988403320312,6.4373016357421875e-06,2526.796455144882
