,rank,t_init,t_init_top,t_init_traj,t_open_traj,t_n_atoms,t_set_units,total_io,total_io/bsize,total_copy_data,total_copy_box,total_get_dataset,total_set_ts_position,total_convert_units,total_rmsd,total_rmsd/bsize,t_wait,t_comm_gather,t_close_traj,total_time
0,0.0,1.7115578651428223,1.3744187355041504,0.3337249755859375,0.11281180381774902,0.10292720794677734,0.0011525154113769531,1512.0976390838623,0.016782437725681047,83.15571904182434,46.333807706832886,1310.244101524353,6.1850502490997314,14.048686504364014,15.264184474945068,0.00016941381215255347,2.384185791015625e-05,0.0002703666687011719,0.002110719680786133,1529.0736756324768
