,rank,t_init,t_init_top,t_init_traj,t_to_mem,t_io,t_io/frame,t_rmsd,t_rmsd/frame,t_wait,t_comm,t_close_traj,total_time
0,0.0,2.5637402534484863,1.6424124240875244,0.9162905216217041,635.4408922195435,1.315107822418213,1.4596091258803695e-05,14.564075708389282,0.00016164345958256696,0.019017934799194336,0.0002875328063964844,1.4066696166992188e-05,653.903121471405
