,rank,t_init,t_init_top,t_init_traj,t_to_mem,t_io,t_io/frame,t_rmsd,t_rmsd/frame,t_wait,t_comm,t_close_traj,total_time
0,0.0,6.021697521209717,4.228782415390015,1.7872421741485596,3238.025559425354,1.2724864482879639,1.4123046040931896e-05,13.848212718963623,0.00015369825437251523,0.0428314208984375,0.009396076202392578,0.00012445449829101562,3259.220183610916
