,rank,t_init,t_init_top,t_init_traj,t_to_mem,t_io,t_io/frame,t_rmsd,t_rmsd/frame,t_wait,t_comm,t_close_traj,total_time
0,0.0,3.969381093978882,2.207810878753662,1.7563178539276123,1420.500167608261,1.3325297832489014,1.4789453754149848e-05,14.55270528793335,0.0001615172617972625,0.036533355712890625,0.0006792545318603516,0.008208513259887695,1440.391996383667
