,rank,t_init,t_init_top,t_init_traj,t_to_mem,t_io,t_io/frame,t_rmsd,t_rmsd/frame,t_wait,t_comm,t_close_traj,total_time
0,0.0,3.743711233139038,1.5555648803710938,2.1837611198425293,648.4363896846771,1.2289869785308838,1.364025503363911e-05,13.77061128616333,0.00015283697320935994,0.019298315048217773,0.028176546096801758,1.2159347534179688e-05,667.2271740436554
