,rank,t_init,t_init_top,t_init_traj,t_to_mem,t_io,t_io/frame,t_rmsd,t_rmsd/frame,t_wait,t_comm,t_close_traj,total_time
0,0.0,2.1897008419036865,1.5189754962921143,0.6672961711883545,1600.8888273239136,1.2987699508666992,1.4414760830928959e-05,14.242327451705933,0.00015807244674479392,0.02334308624267578,0.005049943923950195,0.00012922286987304688,1618.6480185985565
