,rank,t_init,t_init_top,t_init_traj,t_to_mem,t_io,t_io/frame,t_rmsd,t_rmsd/frame,t_wait,t_comm,t_close_traj,total_time
0,0.0,5.9120872020721436,1.6129920482635498,4.293519735336304,1470.5467867851257,1.2343544960021973,1.3699827924552689e-05,13.905950784683228,0.00015433907641157856,0.004435062408447266,0.003580331802368164,5.7220458984375e-06,1491.6071946620941
