,rank,t_init,t_init_top,t_init_traj,t_open_traj,t_n_atoms,t_set_units,total_io,total_io/bsize,total_copy_data,total_copy_box,total_get_dataset,total_set_ts_position,total_convert_units,total_rmsd,total_rmsd/bsize,t_wait,t_comm_gather,t_close_traj,total_time
0,0.0,1.993546724319458,1.585320234298706,0.4045724868774414,0.19319987297058105,0.07293248176574707,0.0011832714080810547,1621.390477180481,0.017995454796675706,85.67940711975098,48.95416831970215,1413.495041847229,6.146380424499512,14.162528991699219,15.243187189102173,0.0001691807679145635,2.4318695068359375e-05,0.00029540061950683594,0.0029401779174804688,1638.6275308132172
