,rank,t_init,t_init_top,t_init_traj,t_to_mem,t_io,t_io/frame,t_rmsd,t_rmsd/frame,t_wait,t_comm,t_close_traj,total_time
0,0.0,2.0619287490844727,1.5005600452423096,0.5577740669250488,318.3747630119324,2.96657657623291,6.58507564091656e-05,14.999958038330078,0.0003329624425822437,2.8848648071289062e-05,0.00020647048950195312,5.245208740234375e-06,338.4034616947174
