,rank,t_init,t_init_top,t_init_traj,t_to_mem,t_io,t_io/frame,t_rmsd,t_rmsd/frame,t_wait,t_comm,t_close_traj,total_time
0,0.0,6.282041549682617,2.9162981510162354,3.362091064453125,698.3183300495148,2.8884944915771484,6.411752478528631e-05,14.706380367279053,0.0003264457351227315,3.314018249511719e-05,0.00021505355834960938,6.67572021484375e-06,722.1954946517944
