,rank,t_init,t_init_top,t_init_traj,t_open_traj,t_n_atoms,t_set_units,total_io,total_io/bsize,total_copy_data,total_copy_box,total_get_dataset,total_set_ts_position,total_convert_units,total_rmsd,total_rmsd/bsize,t_wait,t_comm_gather,t_close_traj,total_time
0,0.0,2.2083418369293213,1.454322338104248,0.7505044937133789,0.16149115562438965,0.22618365287780762,0.0011925697326660156,1791.0809659957886,0.019878812053227397,85.38542318344116,52.67745351791382,1577.9101343154907,6.289409160614014,14.134645223617554,15.58017349243164,0.0001729209044664999,2.7418136596679688e-05,0.00028395652770996094,0.0009107589721679688,1808.8697926998138
