,rank,t_init,t_init_top,t_init_traj,t_to_mem,t_io,t_io/frame,t_rmsd,t_rmsd/frame,t_wait,t_comm,t_close_traj,total_time
0,0.0,4.893193960189819,1.9351551532745361,2.9535648822784424,1718.9742884635925,1.2365615367889404,1.3724323382785132e-05,14.0898756980896,0.00015638041840277024,0.005360841751098633,0.0023021697998046875,1.049041748046875e-05,1739.2015826702118
