,rank,t_init,t_init_top,t_init_traj,t_to_mem,t_io,t_io/frame,t_rmsd,t_rmsd/frame,t_wait,t_comm,t_close_traj,total_time
0,0.0,1.8883342742919922,1.522162914276123,0.36275649070739746,293.02560472488403,3.052518367767334,6.775845433445802e-05,15.266671657562256,0.0003388828336861766,2.574920654296875e-05,0.0002071857452392578,5.9604644775390625e-06,313.2333619594574
