,rank,t_init,t_init_top,t_init_traj,t_to_mem,t_io,t_io/frame,t_rmsd,t_rmsd/frame,t_wait,t_comm,t_close_traj,total_time
0,0.0,4.53754997253418,1.530346155166626,3.0032737255096436,696.0060293674469,1.1969757080078125,1.3284969012295367e-05,13.844104290008545,0.00015365265582695389,0.036746978759765625,0.0010437965393066406,0.00012922286987304688,715.6224501132965
