,rank,t_init,Initialize_Topology,Initialize_Trajectory,t_open_traj,t_n_atoms,t_set_units,IO,total_io/bsize,total_copy_data,total_copy_box,total_get_dataset,total_set_ts_position,total_convert_units,RMSD,total_rmsd/bsize,Wait,Comm_Gather,t_close_traj,Total_Benchmark_Time
0,0.0,1.8518173694610596,1.3645038604736328,0.48297977447509766,0.20714902877807617,0.14969778060913086,0.001148223876953125,1463.790183544159,0.016246283946106093,85.63840293884277,43.036107778549194,1251.0318810939789,10.083452939987183,16.847960472106934,17.752925634384155,0.00019703580060359774,2.6464462280273438e-05,0.010387420654296875,0.02038407325744629,1483.4053404331207
