,rank,t_init,t_init_top,t_init_traj,t_to_mem,t_io,t_io/frame,t_rmsd,t_rmsd/frame,t_wait,t_comm,t_close_traj,total_time
0,0.0,5.380845546722412,2.6161606311798096,2.7595646381378174,1075.062994480133,1.243224859237671,1.3798278126944184e-05,14.089570760726929,0.00015637703397033216,0.011725664138793945,0.0018627643585205078,1.3589859008789062e-05,1095.7902240753174
