,rank,t_init,t_init_top,t_init_traj,t_to_mem,t_io,t_io/frame,t_rmsd,t_rmsd/frame,t_wait,t_comm,t_close_traj,total_time
0,0.0,4.532052278518677,1.8465285301208496,2.682096004486084,1166.5163145065308,1.275719404220581,1.4158927904778924e-05,14.25057864189148,0.00015816402488225836,0.03394675254821777,0.0019178390502929688,0.0001366138458251953,1186.61052942276
