,rank,t_init,t_init_top,t_init_traj,t_to_mem,t_io,t_io/frame,t_rmsd,t_rmsd/frame,t_wait,t_comm,t_close_traj,total_time
0,0.0,2.148186683654785,1.687129259109497,0.4575679302215576,1748.9300498962402,1.2282211780548096,1.3631755583294224e-05,14.082123517990112,0.00015629437866803675,0.011979818344116211,0.0005676746368408203,1.3828277587890625e-05,1766.401128768921
