,rank,t_init,t_init_top,t_init_traj,t_to_mem,t_io,t_io/frame,t_rmsd,t_rmsd/frame,t_wait,t_comm,t_close_traj,total_time
0,0.0,5.407374858856201,1.854109764099121,3.547758102416992,1190.8210144042969,1.407113790512085,1.5617245177714593e-05,14.65631103515625,0.00016266715910273307,0.04486703872680664,0.00042128562927246094,2.765655517578125e-05,1212.3371024131775
