,rank,t_init,t_init_top,t_init_traj,t_to_mem,t_io,t_io/frame,t_rmsd,t_rmsd/frame,t_wait,t_comm,t_close_traj,total_time
0,0.0,4.0281689167022705,1.9750697612762451,2.0482099056243896,647.2434678077698,1.3770360946655273,1.5283419474645143e-05,14.747077226638794,0.00016367455301485897,0.04329085350036621,0.012101173400878906,0.00016021728515625,667.4511420726776
