,rank,t_init,t_init_top,t_init_traj,t_to_mem,t_io,t_io/frame,t_rmsd,t_rmsd/frame,t_wait,t_comm,t_close_traj,total_time
0,0.0,5.678003549575806,2.662931442260742,3.011382818222046,839.2903950214386,3.0768237113952637,6.82979736158771e-05,15.323235034942627,0.00034013840255144566,2.956390380859375e-05,0.00013899803161621094,5.7220458984375e-06,863.3686258792877
