,rank,t_init,t_init_top,t_init_traj,t_to_mem,t_io,t_io/frame,t_rmsd,t_rmsd/frame,t_wait,t_comm,t_close_traj,total_time
0,0.0,4.111126899719238,1.9384467601776123,2.1681392192840576,570.0943191051483,1.3144078254699707,1.4588322147280473e-05,14.353448390960693,0.00015930575350677796,0.005692720413208008,0.011218786239624023,0.013991594314575195,589.890213727951
