,rank,t_init,Initialize_Topology,Initialize_Trajectory,t_open_traj,t_n_atoms,t_set_units,IO,total_io/bsize,total_copy_data,total_copy_box,total_get_dataset,total_set_ts_position,total_convert_units,RMSD,total_rmsd/bsize,Wait,Comm_Gather,t_close_traj,Total_Benchmark_Time
0,0.0,1.640148401260376,1.4286830425262451,0.20808053016662598,0.06726431846618652,0.0894157886505127,0.00119781494140625,1512.0058155059814,0.016781418596070827,88.77278017997742,44.86249399185181,1293.7215690612793,9.804978132247925,16.82378053665161,17.717958688735962,0.00019664771019684753,2.9087066650390625e-05,0.03923535346984863,0.023553133010864258,1531.4031870365143
