,rank,t_init,t_init_top,t_init_traj,t_to_mem,t_io,t_io/frame,t_rmsd,t_rmsd/frame,t_wait,t_comm,t_close_traj,total_time
0,0.0,184.0540144443512,2.1844136714935303,181.86609482765198,481.36439538002014,3.0756473541259766,6.827186135684743e-05,15.324758529663086,0.00034017222041427496,2.8371810913085938e-05,0.00014138221740722656,5.0067901611328125e-06,683.8189854621887
