,rank,t_init,t_init_top,t_init_traj,t_to_mem,t_io,t_io/frame,t_rmsd,t_rmsd/frame,t_wait,t_comm,t_close_traj,total_time
0,0.0,4.176732063293457,1.4475479125976562,2.725168466567993,480.63106536865234,2.984452247619629,6.624755266636247e-05,14.97907304763794,0.00033249884678441594,2.7418136596679688e-05,0.0002117156982421875,7.152557373046875e-06,502.7715618610382
