,rank,t_init,t_init_top,t_init_traj,t_to_mem,t_io,t_io/frame,t_rmsd,t_rmsd/frame,t_wait,t_comm,t_close_traj,total_time
0,0.0,3.9234344959259033,2.50258207321167,1.4161121845245361,724.4556107521057,1.2344093322753906,1.3700436540237409e-05,14.092843294143677,0.00015641335509593426,0.013794660568237305,0.03044915199279785,4.291534423828125e-06,743.7505416870117
