,rank,t_init,Initialize_Topology,Initialize_Trajectory,t_open_traj,t_n_atoms,t_set_units,IO,total_io/bsize,total_copy_data,total_copy_box,total_get_dataset,total_set_ts_position,total_convert_units,RMSD,total_rmsd/bsize,Wait,Comm_Gather,t_close_traj,Total_Benchmark_Time
0,0.0,1.8543143272399902,1.3928804397583008,0.4580650329589844,0.2412097454071045,0.10750079154968262,0.0011780261993408203,1424.078424692154,0.015805531905573295,86.49910926818848,43.61462950706482,1211.4541900157928,9.958729267120361,16.634432554244995,17.933494806289673,0.00019903989796103965,2.8848648071289062e-05,0.012478113174438477,0.007145881652832031,1443.878740787506
