,rank,t_init,t_init_top,t_init_traj,t_to_mem,t_io,t_io/frame,t_rmsd,t_rmsd/frame,t_wait,t_comm,t_close_traj,total_time
0,0.0,6.822049617767334,2.1322059631347656,4.686001777648926,1340.021579504013,3.0915417671203613,6.862467851543532e-05,15.258408069610596,0.000338699402211112,2.7418136596679688e-05,0.00021529197692871094,6.9141387939453125e-06,1365.1938216686249
