,rank,t_init,t_init_top,t_init_traj,t_to_mem,t_io,t_io/frame,t_rmsd,t_rmsd/frame,t_wait,t_comm,t_close_traj,total_time
0,0.0,6.5398170948028564,1.7471363544464111,4.78863787651062,1067.4442632198334,3.10471248626709,6.891703632113407e-05,15.903335094451904,0.0003530152074240156,2.9325485229492188e-05,0.00013637542724609375,6.4373016357421875e-06,1092.9922935962677
