,rank,t_init,t_init_top,t_init_traj,t_to_mem,t_io,t_io/frame,t_rmsd,t_rmsd/frame,t_wait,t_comm,t_close_traj,total_time
0,0.0,4.6388890743255615,1.9950788021087646,2.6400253772735596,499.47905135154724,2.7880687713623047,6.188831900915216e-05,14.542454719543457,0.00032280698600540414,3.0040740966796875e-05,0.00021195411682128906,5.4836273193359375e-06,521.4487059116364
